Date,Time,Temp,RH,VPD,CO2,QT,WS
2021-07-21,16:00,28.19666667,70.13333333,1.133990026,1031.666667,63.66333333,0.011
2021-07-21,17:00,28.16,68.73,1.184752153,1178.666667,12.39333333,0.013
2021-07-21,18:00,28.05333333,67.15666667,1.236689693,1033.666667,13.61333333,0.011
2021-07-21,19:00,28.22666667,68.48333333,1.198719671,692.3666667,4.474333333,0.013
2021-07-21,20:00,28.28333333,67.20666667,1.251377456,548.8,4.459,0.012
2021-07-21,21:00,28.27333333,67.10666667,1.254466738,496.0666667,4.403666667,0.014
2021-07-21,22:00,28.31333333,67.62666667,1.23749817,469.8666667,4.061333333,0.011
2021-07-21,23:00,28.27,68.12333333,1.215459041,456.5333333,3.917666667,0.014
2021-07-22,0:00,28.41333333,67.83666667,1.236606665,449.4666667,3.936666667,0.011
2021-07-22,1:00,28.72666667,68.08666667,1.249412315,443.6,1.543333333,0.013
2021-07-22,2:00,28.59,69.80333333,1.172911506,436.0666667,1.657333333,0.011
2021-07-22,3:00,28.26,69.60666667,1.158228471,434.1333333,1.459,0.014
2021-07-22,4:00,28.37333333,68.55,1.206385346,434.2,1.51,0.011
2021-07-22,5:00,28.72666667,68.13,1.247715808,434.1666667,1.459,0.014
2021-07-22,6:00,28.62666667,69.62333333,1.182404954,435.0333333,1.495666667,0.011
2021-07-22,7:00,28.02333333,66.37333333,1.263983705,436.5333333,14.82,0.013
2021-07-22,8:00,28.03333333,66.80666667,1.248419359,434.4333333,14.8,0.011
2021-07-22,9:00,28.21333333,66.12666667,1.287359408,432.4333333,14.77333333,0.013
2021-07-22,10:00,28.01666667,65.31666667,1.30319827,435.2666667,14.75,0.012
2021-07-22,11:00,28.07,65.29666667,1.307990386,447.2666667,14.75,0.012
2021-07-22,12:00,28.02333333,66.64,1.253960044,442,14.76666667,0.012
2021-07-22,13:00,28.07666667,66.88333333,1.248670641,456,14.74666667,0.013
2021-07-22,14:00,28.39,68.82666667,1.196926512,448.3666667,14.83333333,0.012
2021-07-22,15:00,28.24,66.05666667,1.292014203,453.4666667,14.76,0.013
2021-07-22,16:00,28.20666667,68.81,1.184921278,480.1333333,14.58666667,0.012
2021-07-22,17:00,28.11,66.42666667,1.26833869,511.9666667,14.42666667,0.014
2021-07-22,18:00,28.05333333,66.81666667,1.249492123,750.5666667,14.02666667,0.011
2021-07-22,19:00,28.10333333,66.65,1.259414631,608.1,4.461333333,0.013
2021-07-22,20:00,28.19333333,67.06333333,1.250311539,503.8333333,4.441666667,0.011
2021-07-22,21:00,28.22,67.05333333,1.252625074,468.4,4.411,0.013
2021-07-22,22:00,28.27666667,66.73,1.269076787,463.9333333,4.055,0.011
2021-07-22,23:00,28.27666667,66.93666667,1.261193532,466.5333333,3.757,0.013
2021-07-23,0:00,28.44666667,66.69666667,1.282908291,461.8,3.829666667,0.011
2021-07-23,1:00,28.69,67.75333333,1.259793165,451.6666667,1.460666667,0.013
2021-07-23,2:00,28.52,69.70666667,1.171915942,446.1666667,1.534666667,0.011
2021-07-23,3:00,28.21666667,68.60333333,1.193463909,446.6333333,1.619333333,0.014
2021-07-23,4:00,28.33,68.15666667,1.218413487,447.8,1.662333333,0.011
2021-07-23,5:00,28.44333333,67.95333333,1.234261102,446.5,1.505666667,0.014
2021-07-23,6:00,28.65,68.24,1.237917971,440.8,1.649,0.011
2021-07-23,7:00,27.98,66.22333333,1.266433385,439.6666667,14.82,0.012
2021-07-23,8:00,27.98666667,67.19,1.230664946,437.7,14.8,0.011
2021-07-23,9:00,28.15666667,66.78,1.258390251,436.3666667,14.74333333,0.013
2021-07-23,10:00,28.07333333,64.14333333,1.351721548,440.3333333,14.79666667,0.011
2021-07-23,11:00,27.97333333,65.05,1.30991977,449.3666667,14.77666667,0.013
2021-07-23,12:00,28.02,66.63333333,1.253968088,458.1,14.76333333,0.011
2021-07-23,13:00,28.15333333,66.57333333,1.265974264,462.0666667,14.82333333,0.013
2021-07-23,14:00,28.10666667,65.65,1.297428936,476.4,14.99333333,0.011
2021-07-23,15:00,28.02333333,65.08,1.312598463,515.9,15.58666667,0.012
2021-07-23,16:00,28.08666667,64.92333333,1.323340092,469.2333333,15.14,0.011
2021-07-23,17:00,27.99,65.01,1.31268813,627.7666667,14.35333333,0.012
2021-07-23,18:00,28.03666667,66.59333333,1.256685944,653.3333333,14.85,0.012
2021-07-23,19:00,28.16333333,67.35333333,1.237150049,543.6,4.368333333,0.014
2021-07-23,20:00,28.26666667,67.33,1.245468427,491.5,4.409666667,0.011
2021-07-23,21:00,28.25666667,67.04,1.255796478,467.2333333,4.385333333,0.015
2021-07-23,22:00,28.32,67.30666667,1.250212873,452.8666667,4.035333333,0.011
2021-07-23,23:00,28.45333333,67.09666667,1.267988325,447.7333333,3.852,0.014
2021-07-24,0:00,28.44333333,67.14,1.265586223,446.3666667,3.883333333,0.011
2021-07-24,1:00,28.61,69.69,1.178674707,442.5333333,1.717666667,0.015
2021-07-24,2:00,28.24,68.52333333,1.198123354,441.9666667,1.635666667,0.011
2021-07-24,3:00,28.24666667,67.88333333,1.222956397,442.4,1.612,0.015
2021-07-24,4:00,28.37333333,68.01,1.227099117,441.5,1.668,0.011
2021-07-24,5:00,28.53666667,68.00666667,1.238874372,440.4666667,1.703666667,0.015
2021-07-24,6:00,28.52666667,68.01,1.23802951,439.2333333,1.932666667,0.012
2021-07-24,7:00,27.97,66.94333333,1.238718287,437.6666667,15.29333333,0.014
2021-07-24,8:00,28.09333333,67.11333333,1.241197562,434.2,15.12333333,0.011
2021-07-24,9:00,28.20333333,65.34666667,1.316240533,430.2,15.07,0.014
2021-07-24,10:00,28.04333333,64.64333333,1.330555192,428.3,15.07666667,0.011
2021-07-24,11:00,28.05,65.67,1.29241902,426.3,15.03333333,0.013
2021-07-24,12:00,28.09666667,66.76333333,1.254649642,420.7,15.10333333,0.012
2021-07-24,13:00,28.25666667,68.82333333,1.18785037,416.8333333,15.07333333,0.015
2021-07-24,14:00,28.38,66.95333333,1.26812074,416.0333333,15.1,0.012
2021-07-24,15:00,27.94333333,65.35333333,1.29629147,417.1666667,15.12,0.014
2021-07-24,16:00,28.12,65.27,1.312796374,421.3333333,14.84,0.012
2021-07-24,17:00,28.02666667,64.72666667,1.326136264,428.3,14.90333333,0.013
2021-07-24,18:00,28.03666667,66.60666667,1.256184373,424.6666667,14.92,0.011
2021-07-24,19:00,28.01666667,66.76666667,1.24871569,421.6666667,14.90666667,0.014
2021-07-24,20:00,28.15666667,65.47666667,1.307761171,426,14.93666667,0.011
2021-07-24,21:00,28.21,64.44333333,1.351073702,428.9666667,14.99333333,0.014
2021-07-24,22:00,27.96,63.28333333,1.37506949,432.9,14.95666667,0.011
2021-07-24,23:00,27.90666667,66.09333333,1.265906677,428.7333333,15,0.014
2021-07-25,0:00,28.10333333,66.85666667,1.251610163,425.4666667,14.95666667,0.011
2021-07-25,1:00,28.16333333,65.38,1.311929795,423.3333333,14.93,0.014
2021-07-25,2:00,27.98666667,64.46333333,1.332939042,422,14.99333333,0.011
2021-07-25,3:00,27.98,66.35666667,1.261434141,419.9,14.98,0.014
2021-07-25,4:00,27.98333333,67.12,1.233051998,418.9,15.02333333,0.011
2021-07-25,5:00,28.11,67.03333333,1.245419941,418.1333333,15.06,0.015
2021-07-25,6:00,28.16333333,65.49666667,1.307508695,418.8666667,14.96333333,0.012
2021-07-25,7:00,28.07333333,64.03,1.355993978,418.7333333,14.92,0.013
2021-07-25,8:00,27.99333333,66.82333333,1.244899747,418,14.98,0.011
2021-07-25,9:00,28.08333333,67.48,1.226647383,417.1,14.90333333,0.015
2021-07-25,10:00,28.19333333,65.59333333,1.306114331,417.4333333,14.91666667,0.011
2021-07-25,11:00,28.07,64.48,1.338771064,416.5,14.89666667,0.013
2021-07-25,12:00,28.03333333,67.38666667,1.226605243,415.9,14.84,0.011
2021-07-25,13:00,28.12,67.18666667,1.240346243,415.8333333,14.87666667,0.014
2021-07-25,14:00,28.19666667,65.87333333,1.295735479,416.2,14.90666667,0.012
2021-07-25,15:00,28.09,64.27,1.34824905,419.0666667,14.83,0.013
2021-07-25,16:00,28.00666667,66.57,1.255376628,418.8,14.87333333,0.011
2021-07-25,17:00,28.06333333,66.71666667,1.253984713,419.9,14.85666667,0.015
2021-07-25,18:00,28.18666667,65.52333333,1.308266098,422.2333333,14.84333333,0.012
2021-07-25,19:00,28.21,64.66666667,1.342587536,421.1333333,14.79333333,0.014
2021-07-25,20:00,27.98333333,63.93333333,1.352557038,420,14.83333333,0.011
2021-07-25,21:00,28.01,66.23666667,1.268139359,418.7,14.85333333,0.014
2021-07-25,22:00,28.10666667,66.33,1.271744753,417.7,14.83666667,0.011
2021-07-25,23:00,28.23666667,65.28333333,1.321195118,417.7333333,14.84,0.014
2021-07-26,0:00,28.06,64.00666667,1.355824653,417.1666667,14.88,0.011
2021-07-26,1:00,27.98666667,65.69333333,1.286803172,414.7666667,14.83333333,0.014
2021-07-26,2:00,28.07,67.30666667,1.232232226,413.3333333,14.89,0.011
2021-07-26,3:00,28.23,67.09666667,1.251702488,412.6666667,14.92666667,0.015
2021-07-26,4:00,28.22666667,65.94333333,1.295327222,413.6333333,14.87,0.011
2021-07-26,5:00,28.10333333,65.15,1.316059967,413.8333333,14.81,0.013
2021-07-26,6:00,28.06666667,67.44,1.226969567,413.6333333,14.84333333,0.011
2021-07-26,7:00,28.18666667,67.12666667,1.247425337,414.9333333,14.82333333,0.015
2021-07-26,8:00,28.25333333,65.47333333,1.3152335,414.3333333,14.81666667,0.011
2021-07-26,9:00,28.15,65.43,1.309022988,413.5,14.73,0.013
2021-07-26,10:00,28.04666667,67.67333333,1.216764372,415.5666667,14.72333333,0.011
2021-07-26,11:00,28.17,67.22,1.2426828,431,14.75333333,0.015
2021-07-26,12:00,28.24333333,66.19333333,1.287060631,442.7333333,14.71,0.011
2021-07-26,13:00,28.26666667,66.34666667,1.282955743,426.2666667,14.70666667,0.014
2021-07-26,14:00,27.82,64.03666667,1.335949598,493.5,14.33666667,0.011
2021-07-26,15:00,26.68666667,62.05333333,1.31941063,580.8333333,14.78333333,0.013
2021-07-26,16:00,26.73333333,62.37,1.311982851,528.9666667,15.71333333,0.011
2021-07-26,17:00,26.73,64.17666667,1.248748903,459.6333333,15.84666667,0.012
2021-07-26,18:00,26.81666667,64.36666667,1.248446837,430.1,15.40333333,0.011
2021-07-26,19:00,27.07,65.55666667,1.224769544,426.9,4.381333333,0.013
2021-07-26,20:00,27.17333333,64.49333333,1.270224916,437.6,4.394333333,0.011
2021-07-26,21:00,27.16666667,64.41666667,1.272472146,438.2,4.338,0.012
2021-07-26,22:00,27.07,65.08666667,1.241482261,440.8333333,4.058,0.011
2021-07-26,23:00,27.18,66.11666667,1.212623312,440.7,3.895666667,0.013
2021-07-27,0:00,27.16333333,65.99333333,1.215853313,434.6333333,3.881,0.011
2021-07-27,1:00,27.19,66.21666667,1.209750632,430.3,1.758,0.014
2021-07-27,2:00,27.23333333,65.09666667,1.253022491,431.0666667,1.667666667,0.011
2021-07-27,3:00,27.37666667,64.67,1.27898922,432.9,1.649,0.013
2021-07-27,4:00,27.20333333,65.38666667,1.240437405,428.7,1.656666667,0.011
2021-07-27,5:00,27.38,65.53333333,1.247978009,425.4666667,1.722333333,0.014
2021-07-27,6:00,27.22,66.15333333,1.21414309,423.9666667,1.918666667,0.011
2021-07-27,7:00,26.85666667,65.71666667,1.2039643,421.7,15.18,0.013
2021-07-27,8:00,27.00333333,64.86,1.244682471,417,14.93666667,0.011
2021-07-27,9:00,26.99333333,64.07666667,1.271684895,414.2333333,14.87,0.013
2021-07-27,10:00,27.13666667,64.45666667,1.268816727,416.2666667,14.87666667,0.011
2021-07-27,11:00,27.26,67.43333333,1.170957561,416.6333333,14.80666667,0.013
2021-07-27,12:00,27.50666667,67.08333333,1.200685319,418.9,14.76333333,0.011
2021-07-27,13:00,27.34333333,67.01666667,1.191718428,419.8666667,14.80333333,0.013
2021-07-27,14:00,27.59,67.55,1.18942045,440.3,14.54333333,0.011
2021-07-27,15:00,27.53666667,67.10333333,1.20205418,689.2,14,0.012
2021-07-27,16:00,27.48333333,66.65,1.214839473,588.1666667,15.28333333,0.011
2021-07-27,17:00,27.57333333,67.16,1.202548177,479.2,15.29,0.012
2021-07-27,18:00,27.45,65.42,1.257200623,446.3666667,15.23666667,0.011
2021-07-27,19:00,27.34,65.10333333,1.260603856,440.7333333,15.35333333,0.013
2021-07-27,20:00,26.92666667,61.26333333,1.365940447,439.0333333,14.67333333,0.011
2021-07-27,21:00,26.84,63.04333333,1.296581028,434.3,14.68333333,0.012
2021-07-27,22:00,26.93666667,64.04,1.268771051,432.6,14.5,0.011
2021-07-27,23:00,27.02333333,65.60333333,1.219778515,433.1333333,1.879666667,0.013
2021-07-28,0:00,27.23333333,66.14666667,1.215327707,430.2333333,1.810666667,0.011
2021-07-28,1:00,27.18666667,66.23,1.20903785,427,1.770666667,0.014
2021-07-28,2:00,27.21666667,65.75,1.228372373,425.3666667,1.761666667,0.011
2021-07-28,3:00,27.22,66.19666667,1.212588643,425.8,1.856,0.013
2021-07-28,4:00,27.20333333,65.37666667,1.240795774,425.5666667,1.658333333,0.011
2021-07-28,5:00,27.21666667,66.53,1.200397762,424.9333333,1.611666667,0.013
2021-07-28,6:00,27.17333333,66.98,1.181266243,425.5666667,1.755,0.011
2021-07-28,7:00,26.96,65.75333333,1.209970034,423.2,14.59333333,0.012
2021-07-28,8:00,27.1,64.22,1.274532273,418.6,14.52333333,0.011
2021-07-28,9:00,26.88333333,64.77,1.239141829,414.6,14.50333333,0.013
2021-07-28,10:00,27.22333333,65.12666667,1.251214967,418.6666667,14.53333333,0.011
2021-07-28,11:00,27.28333333,67.43333333,1.172552894,424.8666667,14.46,0.013
2021-07-28,12:00,27.55333333,67.02666667,1.206025477,423.7666667,14.49333333,0.011
2021-07-28,13:00,27.62,67.29666667,1.200801007,430.6666667,14.45666667,0.012
2021-07-28,14:00,27.60666667,67.91333333,1.177244348,427.5666667,14.48333333,0.011
2021-07-28,15:00,27.58666667,67.41666667,1.194075927,420.1333333,14.39666667,0.012
2021-07-28,16:00,27.50333333,66.95,1.205314811,541.6666667,15.35666667,0.011
2021-07-28,17:00,27.42666667,66.94,1.200305791,601.5333333,14.76,0.012
2021-07-28,18:00,27.48,67.74333333,1.174784496,507.0333333,14.62333333,0.011
2021-07-28,19:00,27.34333333,64.27666667,1.29071717,457.7333333,14.65666667,0.012
2021-07-28,20:00,26.83333333,63.49666667,1.280176645,438.2333333,14.67,0.011
2021-07-28,21:00,26.81333333,62.39333333,1.317327271,434.7,14.73,0.012
2021-07-28,22:00,26.86,63.08666667,1.296577753,431,14.46666667,0.011
2021-07-28,23:00,27.02333333,65.00666667,1.240937576,432.5666667,1.617666667,0.014
2021-07-29,0:00,27.16,64.75,1.260061376,438.9,1.671333333,0.011
2021-07-29,1:00,27.18666667,65.43666667,1.237440872,441.6,1.643666667,0.014
2021-07-29,2:00,27.16666667,65.69666667,1.226698909,444.1666667,1.633333333,0.011
2021-07-29,3:00,27.12,65.63666667,1.225499734,444.7666667,1.659333333,0.014
2021-07-29,4:00,27.26,63.64,1.307349547,440.8333333,1.635666667,0.011
2021-07-29,5:00,27.50666667,61.25,1.413464996,436.9666667,1.644333333,0.013
2021-07-29,6:00,27.32666667,60.68333333,1.419167493,434.8,1.766666667,0.011
2021-07-29,7:00,26.96333333,62.66,1.319517909,428.9333333,14.69,0.013
2021-07-29,8:00,27.13,64.16,1.27890895,422.5666667,14.51666667,0.011
2021-07-29,9:00,26.95666667,63.17,1.3009882,418.4666667,14.49666667,0.012
2021-07-29,10:00,27.43333333,67.84666667,1.167841202,421.1,14.47,0.011
2021-07-29,11:00,27.43333333,66.89333333,1.202467221,425.2333333,14.46666667,0.013
2021-07-29,12:00,27.49,66.90666667,1.205958148,435.2333333,14.45,0.011
2021-07-29,13:00,27.51666667,68.67,1.143475062,443.3333333,14.51333333,0.013
2021-07-29,14:00,27.49333333,67.23666667,1.194164435,443.0666667,14.44666667,0.011
2021-07-29,15:00,27.53666667,66.96666667,1.207048022,448.1,14.43333333,0.012
2021-07-29,16:00,27.47,67.68,1.176405512,529.9666667,14.53333333,0.011
2021-07-29,17:00,27.55333333,67.76666667,1.178959397,636.1333333,18.54,0.013
2021-07-29,18:00,27.43333333,66.73333333,1.208278581,567.2666667,18.47666667,0.011
2021-07-29,19:00,27.05666667,63.31666667,1.303405611,530.2,18.22666667,0.012
2021-07-29,20:00,26.76333333,63.64666667,1.269700851,496.7333333,18.22333333,0.011
2021-07-29,21:00,26.79,65.01666667,1.2237611,473.2,17.94333333,0.013
2021-07-29,22:00,26.95666667,64.00333333,1.271551414,461.1,16.54,0.011
2021-07-29,23:00,27.10333333,64.53666667,1.263498215,458.4666667,1.63,0.012
2021-07-30,0:00,27.11,65.51333333,1.229179893,458.2333333,1.783,0.011
2021-07-30,1:00,27.16666667,66.51,1.197613832,456.4,1.736666667,0.013
2021-07-30,2:00,27.15,65.85666667,1.219789427,453.9,1.727333333,0.011
2021-07-30,3:00,27.17333333,65.12,1.247806377,453.1333333,1.674333333,0.014
2021-07-30,4:00,27.15333333,65.21333333,1.243014825,451.9,1.693666667,0.011
2021-07-30,5:00,27.15,65.53,1.231459774,448.2333333,1.643,0.014
2021-07-30,6:00,27.22666667,64.88,1.260310273,444.9,1.975,0.011
2021-07-30,7:00,27.06,65.15,1.238506192,441.3333333,16.47,0.013
2021-07-30,8:00,27.06,63.38333333,1.301290341,437.8333333,15.96,0.011
2021-07-30,9:00,26.87666667,64.08666667,1.262683926,435.4666667,15.85666667,0.012
2021-07-30,10:00,27.38666667,67.46,1.178674789,437.9,15.77,0.011
2021-07-30,11:00,27.48,67.72,1.175634294,436.9666667,15.70666667,0.012
2021-07-30,12:00,27.56333333,68.19333333,1.164031276,446.5,15.61666667,0.011
2021-07-30,13:00,27.49333333,67,1.202790508,452.5,15.72333333,0.012
2021-07-30,14:00,27.40333333,65.70333333,1.243512957,452.1333333,15.61333333,0.011
2021-07-30,15:00,26.97666667,66.10333333,1.198772069,457.2666667,15.63,0.013
2021-07-30,16:00,27.21,64.29,1.280236784,576.4,16.83333333,0.011
2021-07-30,17:00,26.91333333,64.34333333,1.256352431,668,16.23333333,0.012
2021-07-30,18:00,26.87333333,64.30333333,1.254821285,586.1666667,15.77,0.011
2021-07-30,19:00,27.01666667,64.21666667,1.268458186,546.0666667,15.68666667,0.013
2021-07-30,20:00,26.89666667,62.05666667,1.335619365,519.1333333,15.67333333,0.011
2021-07-30,21:00,26.75666667,64.38333333,1.243485862,482.5333333,15.61666667,0.013
2021-07-30,22:00,26.95333333,64.59333333,1.25046635,467.1333333,15.54,0.011
2021-07-30,23:00,27.22,66.05,1.21784985,467.2,1.583,0.013
2021-07-31,0:00,27.11666667,66.43333333,1.196855128,471.3333333,1.558666667,0.011
2021-07-31,1:00,27.00666667,68.86666667,1.102978577,465.3,1.458666667,0.013
2021-07-31,2:00,27.33666667,68.17333333,1.149479987,463,1.532333333,0.011
2021-07-31,3:00,27.3,66.24333333,1.216580845,455.3,1.551666667,0.012
2021-07-31,4:00,27.12333333,68.94666667,1.10767085,449.8666667,1.668666667,0.011
2021-07-31,5:00,27.26,68.32333333,1.138956981,452.8333333,1.601666667,0.014
2021-07-31,6:00,27.28333333,66.90666667,1.191515367,456.9333333,1.558,0.011
2021-07-31,7:00,26.86333333,66.14333333,1.18944463,459.7,15.37,0.013
2021-07-31,8:00,27.10333333,65.07666667,1.244258934,462.5,15.21666667,0.011
2021-07-31,9:00,27.03,63.54,1.293452658,464.8333333,15.21666667,0.012
2021-07-31,10:00,26.94666667,64.77666667,1.243506531,453.3333333,15.17,0.011
2021-07-31,11:00,26.91,64.41666667,1.253524057,441.4666667,15.09666667,0.011
2021-07-31,12:00,26.90333333,64.52666667,1.24916164,441.0666667,15.13,0.011
2021-07-31,13:00,26.84666667,66.32666667,1.181850287,435.9,15.04666667,0.013
2021-07-31,14:00,27.17,65.58333333,1.230991337,433.5,15.03666667,0.011
2021-07-31,15:00,26.94,64.03666667,1.269136102,428.7666667,15.10333333,0.013
2021-07-31,16:00,27.06666667,65.50666667,1.226308588,424.5666667,15.08333333,0.011
2021-07-31,17:00,27.07,63.06666667,1.313311385,427.7666667,15.08666667,0.012
2021-07-31,18:00,27.09,66.11666667,1.206265432,430.1333333,15.03666667,0.011
2021-07-31,19:00,27.08333333,63.09333333,1.313386057,432.6,15.05666667,0.012
2021-07-31,20:00,26.89666667,64.19,1.260525243,430.3333333,15.05666667,0.011
2021-07-31,21:00,27.09,66.27333333,1.200688012,431.8,15.08333333,0.013
2021-07-31,22:00,27.06,62.99333333,1.315150238,438.6666667,14.87,0.011
2021-07-31,23:00,27.16666667,66.55333333,1.196064217,449.3333333,1.766,0.012
2021-08-01,0:00,27.18,68.55666667,1.125300118,454.7666667,1.706666667,0.011
2021-08-01,1:00,27.19,68.25333333,1.136819439,453.9666667,1.785,0.013
2021-08-01,2:00,27.33666667,68.03,1.154656741,454.0666667,1.672333333,0.011
2021-08-01,3:00,27.32333333,67.83333333,1.160856633,453.3,1.848333333,0.013
2021-08-01,4:00,27.31,67.16666667,1.18399465,452.4666667,1.716333333,0.011
2021-08-01,5:00,27.28666667,67.21333333,1.180703527,450.3333333,1.749333333,0.012
2021-08-01,6:00,27.2,68.53333333,1.127450943,449.3333333,1.869,0.011
2021-08-01,7:00,27.16333333,66.50333333,1.197619089,446.8,14.8,0.013
2021-08-01,8:00,27.06666667,63.34666667,1.303101008,441.5666667,14.75,0.011
2021-08-01,9:00,26.83333333,65.87,1.196943537,434.5666667,14.67666667,0.013
2021-08-01,10:00,26.97,65.37333333,1.224111533,426.4,14.61666667,0.011
2021-08-01,11:00,27.25,65.19333333,1.250768224,421.8333333,14.60333333,0.012
2021-08-01,12:00,27.18333333,66.65333333,1.193649279,419.5666667,14.56666667,0.011
2021-08-01,13:00,27.52333333,67.84666667,1.173980624,419.3666667,14.57,0.013
2021-08-01,14:00,27.46333333,66.72666667,1.210635258,417.9666667,14.54333333,0.011
2021-08-01,15:00,27.55333333,68.32333333,1.158598878,416.8666667,14.53,0.013
2021-08-01,16:00,27.55333333,67.46333333,1.190054051,416.2333333,14.57666667,0.011
2021-08-01,17:00,27.65333333,67.65333333,1.190010889,416.6666667,14.56,0.012
2021-08-01,18:00,27.41333333,67.06,1.195019922,420.1333333,14.57666667,0.011
2021-08-01,19:00,27.29333333,64.35666667,1.284076279,426.3666667,14.59333333,0.012
2021-08-01,20:00,26.84,63.69,1.273893492,426.4666667,14.60333333,0.011
2021-08-01,21:00,26.90666667,63.15,1.297892835,432.4333333,14.60666667,0.011
2021-08-01,22:00,26.85,63.06,1.296755164,431.8,14.46666667,0.011
2021-08-01,23:00,26.98333333,67.84333333,1.137679566,436.9,1.582666667,0.013
2021-08-02,0:00,27.18666667,68.01,1.145310063,445.4,1.576,0.011
2021-08-02,1:00,27.25333333,68.29,1.139712023,450.5333333,1.634666667,0.013
2021-08-02,2:00,27.28333333,68.14333333,1.146989561,448.3666667,1.722666667,0.011
2021-08-02,3:00,27.35666667,67.58666667,1.172034744,447.5,1.698333333,0.013
2021-08-02,4:00,27.24333333,65.86,1.226334513,451.7,1.681333333,0.011
2021-08-02,5:00,27.19666667,67.58333333,1.161263441,453.9333333,1.676666667,0.013
2021-08-02,6:00,27.19,67.77333333,1.154007805,452.8333333,1.86,0.011
2021-08-02,7:00,27.17,65.81,1.222884082,449.4,14.54666667,0.013
2021-08-02,8:00,27.01,63.56666667,1.290996308,441.4333333,14.42333333,0.011
2021-08-02,9:00,26.86,64.95,1.231128325,432.3333333,14.29,0.012
2021-08-02,10:00,27.16333333,66.38666667,1.201790317,429.5,14.32333333,0.011
2021-08-02,11:00,27.26333333,64.85666667,1.263849247,435.6,14.29,0.012
2021-08-02,12:00,27.39333333,67.02666667,1.194835418,446.5666667,14.35666667,0.011
2021-08-02,13:00,26.97,64.7,1.247915011,458.4,14.33,0.012
2021-08-02,14:00,27.29666667,67.36666667,1.175867544,462.0666667,14.33333333,0.011
2021-08-02,15:00,27.44333333,66.15666667,1.229940247,503.0333333,13.95666667,0.012
2021-08-02,16:00,26.85,65.07,1.226195395,744.8333333,13.97,0.011
2021-08-02,17:00,26.71333333,66.25666667,1.175095071,702.5333333,14.63333333,0.012
2021-08-02,18:00,27.03333333,65.48,1.224867983,585.4333333,14.61333333,0.011
2021-08-02,19:00,27.03,62.94666667,1.314501713,538.8666667,14.6,0.011
2021-08-02,20:00,26.96333333,66.04333333,1.199957948,516.1,14.67666667,0.01
2021-08-02,21:00,27.05333333,62.95666667,1.315940478,483.7,14.58,0.011
2021-08-02,22:00,26.82,64.20666667,1.254297356,469.0666667,14.47666667,0.011
2021-08-02,23:00,27.15333333,68.21,1.135936411,464.3666667,1.607,0.012
2021-08-03,0:00,27.34333333,67.2,1.185094425,458.5333333,1.503,0.011
2021-08-03,1:00,27.17666667,67.16,1.175055566,451.2,1.480666667,0.011
2021-08-03,2:00,27.17,68.86333333,1.113674584,449.4333333,1.611666667,0.011
2021-08-03,3:00,27.3,68.09,1.150027493,450.2333333,1.65,0.012
2021-08-03,4:00,27.28666667,66.86666667,1.193187582,446.3666667,1.507666667,0.011
2021-08-03,5:00,27.18666667,67.50333333,1.163449808,438.9333333,1.414666667,0.012
2021-08-03,6:00,27.15,68.68333333,1.1188052,436.4666667,1.655,0.011
2021-08-03,7:00,27.12333333,65.27666667,1.238579566,429.3,14.56333333,0.012
2021-08-03,8:00,26.89666667,63.55666667,1.282818811,417.9,14.48333333,0.011
2021-08-03,9:00,26.79,66.29333333,1.17910169,412.5,14.39,0.012
2021-08-03,10:00,27.26666667,66.59333333,1.201627724,418.0333333,14.41333333,0.011
2021-08-03,11:00,27.22,67.19,1.176955922,425.5666667,14.32333333,0.012
2021-08-03,12:00,27.65333333,67.88333333,1.181549352,426.2,14.36,0.011
2021-08-03,13:00,27.52,67.64666667,1.181053709,426.8666667,14.35,0.012
2021-08-03,14:00,27.44333333,66.73666667,1.208861787,436.3333333,14.34333333,0.011
2021-08-03,15:00,27.12666667,68.14666667,1.136428066,563.9666667,14.84,0.011
2021-08-03,16:00,27.27,66.11333333,1.219130281,688.0333333,14.76,0.011
2021-08-03,17:00,27.22,66.80666667,1.190706804,560.0666667,15.03666667,0.011
2021-08-03,18:00,27.17333333,65.17,1.246017663,507.9666667,14.99666667,0.011
2021-08-03,19:00,26.92333333,65.83,1.204674748,456.1,14.91666667,0.012
2021-08-03,20:00,27.2,65.44333333,1.23816567,447.7333333,14.9,0.011
2021-08-03,21:00,27.06666667,63.91333333,1.282954849,440,14.54333333,0.011
2021-08-03,22:00,26.92666667,65.50666667,1.216311139,430.8333333,14.37666667,0.011
2021-08-03,23:00,27.18,67.26,1.171705477,435.3666667,1.449666667,0.012
2021-08-04,0:00,27.28,67.39666667,1.173644789,440.2666667,1.461666667,0.011
2021-08-04,1:00,27.25,67.24666667,1.176982242,439.4333333,1.476333333,0.013
2021-08-04,2:00,27.29333333,67.39666667,1.17455813,436.1666667,1.578333333,0.01
2021-08-04,3:00,27.30666667,67.35666667,1.17691424,437.2666667,1.575666667,0.013
2021-08-04,4:00,27.28333333,67,1.188154929,439.6333333,1.479333333,0.011
2021-08-04,5:00,27.28333333,67.55,1.168352347,439.6666667,1.415,0.012
2021-08-04,6:00,27.26666667,66.96666667,1.188199037,441.9666667,1.599666667,0.011
2021-08-04,7:00,26.93666667,64.98333333,1.235487568,434.4,14.42666667,0.011
2021-08-04,8:00,27.08333333,66.05333333,1.208049458,421.6333333,14.30333333,0.011
2021-08-04,9:00,27.30333333,64.87,1.266321613,417.3666667,14.25,0.011
2021-08-04,10:00,27.42333333,67.70666667,1.17224275,417.0666667,14.15,0.011
2021-08-04,11:00,27.17666667,67.44,1.165036822,417.6333333,14.11333333,0.012
2021-08-04,12:00,27.45333333,67.33,1.18799083,422.6666667,14.16666667,0.011
2021-08-04,13:00,27.56666667,67.86333333,1.176336583,420.6666667,14.17333333,0.012
2021-08-04,14:00,27.41333333,67.60666667,1.175187574,418.2333333,14.14,0.011
2021-08-04,15:00,27.48333333,67.50333333,1.183755124,420.9,14.17,0.012
2021-08-04,16:00,27.52666667,68.68333333,1.143654294,501.4666667,16.30666667,0.011
2021-08-04,17:00,27.46666667,68.33,1.152522512,717.1666667,19.93,0.012
2021-08-04,18:00,27.33666667,65.64666667,1.240735311,636.4333333,14.43666667,0.011
2021-08-04,19:00,26.91,64.66666667,1.244717096,500.4,14.62666667,0.011
2021-08-04,20:00,26.86666667,64.68,1.241096229,455.1333333,14.55666667,0.011
2021-08-04,21:00,26.85666667,65.75666667,1.202559577,435.4,14.57666667,0.012
2021-08-04,22:00,26.89333333,64.37666667,1.253709946,429.2,14.41666667,0.011
2021-08-04,23:00,27.24,67.85333333,1.154507856,431.9,1.706666667,0.013
2021-08-05,0:00,27.25333333,67.39666667,1.171819962,432.4666667,1.728,0.011
2021-08-05,1:00,27.23333333,67.37,1.171410292,430.7333333,1.603333333,0.013
2021-08-05,2:00,27.20333333,67.25,1.173661161,428.5666667,1.616666667,0.011
2021-08-05,3:00,27.31666667,67.59666667,1.168943012,427.2666667,1.592,0.013
2021-08-05,4:00,27.23333333,67.41333333,1.169854634,427.9333333,1.647333333,0.011
2021-08-05,5:00,27.24666667,67.75333333,1.158549914,430.7,1.625,0.012
2021-08-05,6:00,27.25333333,68.23,1.141868527,434.8666667,1.630666667,0.011
2021-08-05,7:00,27.16,64.95,1.252912092,433.6,14.44666667,0.011
2021-08-05,8:00,26.93666667,64.2,1.263125796,424.1,14.36,0.011
2021-08-05,9:00,26.92333333,66.60666667,1.177293105,419.2666667,14.24,0.011
2021-08-05,10:00,27.55,68.42333333,1.15471716,419.1,14.21333333,0.011
2021-08-05,11:00,27.51,67.92666667,1.170150623,418.5,14.19333333,0.012
2021-08-05,12:00,27.65666667,67.78666667,1.18533551,423.7,14.20333333,0.011
2021-08-05,13:00,27.56666667,68.53333333,1.151811778,427.1333333,14.13333333,0.012
2021-08-05,14:00,27.58666667,67.64333333,1.185769311,436.4666667,14.2,0.011
2021-08-05,15:00,27.50333333,67.78,1.17504518,475.9333333,16.53666667,0.012
2021-08-05,16:00,27.49666667,67.80333333,1.173738342,639.5,16.69333333,0.011
2021-08-05,17:00,27.56333333,67.20333333,1.20026239,550.1666667,14.48666667,0.011
2021-08-05,18:00,27.53333333,68.14333333,1.163826328,514.1666667,14.51,0.01
2021-08-05,19:00,27.22,66.13,1.2149801,490,14.47666667,0.012
2021-08-05,20:00,27.21,64.18666667,1.28394138,461.4333333,14.56666667,0.011
2021-08-05,21:00,26.9,64.66666667,1.243989012,440,14.59666667,0.011
2021-08-05,22:00,26.87666667,64.56666667,1.245807512,430.4666667,14.43333333,0.01
2021-08-05,23:00,27.09666667,66.51333333,1.192608333,438.8333333,1.548666667,0.013
2021-08-06,0:00,27.26666667,66.56,1.202826714,450.5,1.790333333,0.011
2021-08-06,1:00,27.22333333,66.11,1.215934101,454.1,1.585666667,0.012
2021-08-06,2:00,27.30666667,66.13333333,1.221019982,454.5333333,1.585,0.011
2021-08-06,3:00,27.32,66.79333333,1.198156018,454.5666667,1.589,0.012
2021-08-06,4:00,27.22666667,66.23,1.211864406,453.9,1.573333333,0.011
2021-08-06,5:00,27.27,67,1.187230945,453.1666667,1.589333333,0.012
2021-08-06,6:00,27.25666667,66.04,1.220818353,453.5666667,1.657666667,0.011
2021-08-06,7:00,26.82666667,65.98,1.192620259,445.6333333,14.41666667,0.011
2021-08-06,8:00,27.10333333,65.42,1.232026552,434.7666667,14.28666667,0.011
2021-08-06,9:00,27.01666667,64.45666667,1.259950595,425.6666667,14.21333333,0.011
2021-08-06,10:00,27.21333333,67.25333333,1.174226988,426.7333333,14.15666667,0.011
2021-08-06,11:00,27.44,66.72,1.209232574,435.6333333,14.12666667,0.011
2021-08-06,12:00,27.63666667,69.16666667,1.133236924,439.7666667,14.10666667,0.011
2021-08-06,13:00,27.62666667,67.81,1.182411083,440.1666667,14.07,0.012
2021-08-06,14:00,27.63666667,68.41333333,1.160924659,482.7,17.46666667,0.011
2021-08-06,15:00,27.6,67.43333333,1.19439177,498.4,21.09,0.011
2021-08-06,16:00,27.68,67.05333333,1.213966314,495,20.64666667,0.011
2021-08-06,17:00,27.64333333,68.52333333,1.157330625,510.1333333,19.67,0.012
2021-08-06,18:00,27.52333333,67.89666667,1.172155027,622.2,14.70333333,0.011
2021-08-06,19:00,27.21333333,66.42333333,1.203989053,530.7,12.29333333,0.012
2021-08-06,20:00,26.89333333,63.36666667,1.289255385,481.0333333,12.36333333,0.011
2021-08-06,21:00,26.83,66.10333333,1.188528549,456.2666667,12.45333333,0.012
2021-08-06,22:00,27.03,65.09333333,1.238346702,448.4333333,12.59333333,0.011
2021-08-06,23:00,27.23333333,66.05333333,1.218678354,455.4,1.646333333,0.012
2021-08-07,0:00,27.10666667,66.87,1.180595409,464.0333333,1.654333333,0.011
2021-08-07,1:00,27.06666667,68.21666667,1.129962542,465.2,1.509,0.011
2021-08-07,2:00,27.32333333,67.52666667,1.171923867,461.1,1.462666667,0.011
2021-08-07,3:00,27.3,67.42333333,1.174053974,458.4333333,1.501666667,0.013
2021-08-07,4:00,27.30666667,66.21666667,1.218015503,457.3,1.446,0.011
2021-08-07,5:00,27.24333333,66.76,1.194005835,455.8333333,1.445333333,0.012
2021-08-07,6:00,27.18333333,67.99,1.145803081,453.2333333,1.681,0.011
2021-08-07,7:00,27.12,65.73,1.222171187,445.9333333,12.12,0.012
2021-08-07,8:00,26.97,63.62666667,1.285859169,436.8666667,11.44666667,0.011
2021-08-07,9:00,26.90666667,66.49,1.180254787,432.3,11.33,0.012
2021-08-07,10:00,27.60666667,68.85333333,1.1427562,430.2333333,10.99,0.011
2021-08-07,11:00,27.59333333,68.26,1.163621907,425.0333333,10.86333333,0.012
2021-08-07,12:00,27.37,66.95666667,1.195744214,420.3,10.87,0.011
2021-08-07,13:00,27.43666667,67.98,1.163224348,415.3333333,10.87,0.012
2021-08-07,14:00,27.59,69.26333333,1.126620028,413.4,10.84,0.011
2021-08-07,15:00,27.59333333,67.57333333,1.188795832,413.5,10.83666667,0.012
2021-08-07,16:00,27.49666667,67.82,1.173130754,412.9,10.77333333,0.011
2021-08-07,17:00,27.52333333,68.95,1.133695782,414.2666667,10.79333333,0.012
2021-08-07,18:00,27.57,67.65666667,1.184131225,421.4666667,10.81,0.011
2021-08-07,19:00,27.48,67.43666667,1.185953265,423.8333333,10.84,0.012
2021-08-07,20:00,27.08,65.38,1.231771218,422.5666667,10.90333333,0.011
2021-08-07,21:00,26.98333333,64.54333333,1.254431175,424.3666667,11.01666667,0.011
2021-08-07,22:00,26.86333333,64.37666667,1.251510758,427.1333333,11.08666667,0.011
2021-08-07,23:00,26.96333333,68.41666667,1.116089286,441.2666667,1.620666667,0.012
2021-08-08,0:00,27.33666667,67.59,1.170548169,453.9666667,1.478,0.011
2021-08-08,1:00,27.28666667,66.29333333,1.213834289,456.2666667,1.495666667,0.012
2021-08-08,2:00,27.11333333,66.43,1.196740919,458.2666667,1.587666667,0.011
2021-08-08,3:00,27.06333333,68.13,1.132823022,461.3333333,1.554333333,0.012
2021-08-08,4:00,27.28,67.53333333,1.168725104,462.5,1.55,0.011
2021-08-08,5:00,27.29666667,67.53666667,1.169741983,463.3,1.585666667,0.012
2021-08-08,6:00,27.30666667,66.91333333,1.192898065,462.2666667,1.680666667,0.011
2021-08-08,7:00,27.06,64.18,1.272978244,452.7,10.84,0.011
2021-08-08,8:00,27.03333333,66.15666667,1.200857921,439.8,10.59333333,0.011
2021-08-08,9:00,27.09,65.16333333,1.240204626,435.1333333,10.54333333,0.012
2021-08-08,10:00,26.94333333,65.11333333,1.231380908,427.7,10.36333333,0.011
2021-08-08,11:00,26.95666667,65.34666667,1.224099315,422.3666667,10.36,0.011
2021-08-08,12:00,26.94666667,66.35666667,1.18772702,417.8,10.32333333,0.011
2021-08-08,13:00,27.10333333,67.77666667,1.148062529,414.5,10.30666667,0.012
2021-08-08,14:00,27.06666667,65.57,1.224056959,410.6666667,10.24333333,0.011
2021-08-08,15:00,26.91,65.96666667,1.198920901,406.9666667,10.27333333,0.011
2021-08-08,16:00,27.1,67.04666667,1.173842561,406.0666667,10.28666667,0.011
2021-08-08,17:00,27.12,65.2,1.241072579,406.6666667,10.27333333,0.011
2021-08-08,18:00,26.92666667,65.13333333,1.229475697,404.5333333,10.28666667,0.011
2021-08-08,19:00,26.91333333,67.51,1.144775838,403.6,10.27,0.012
2021-08-08,20:00,27.18666667,64.56666667,1.268588723,408.6666667,10.31666667,0.011
2021-08-08,21:00,26.8,65.67666667,1.201376784,407.6,10.40333333,0.012
2021-08-08,22:00,27.1,65.07333333,1.244135379,406.8,10.35,0.011
2021-08-08,23:00,27.14666667,66.47333333,1.197525513,417.0333333,1.513333333,0.011
2021-08-09,0:00,27.04333333,68.40666667,1.121676963,429.9666667,1.553666667,0.011
2021-08-09,1:00,27.13333333,68.23333333,1.13377749,438,1.644333333,0.011
2021-08-09,2:00,27.28666667,67.95333333,1.154054871,440.7,1.598666667,0.011
2021-08-09,3:00,27.29,67.78333333,1.160402506,444.6666667,1.582666667,0.012
2021-08-09,4:00,27.21666667,67.18,1.177085585,448.1666667,1.601666667,0.011
2021-08-09,5:00,27.13333333,67.97333333,1.143057096,449.5333333,1.535333333,0.011
2021-08-09,6:00,27.06333333,69.30333333,1.091116746,446.1,1.621,0.011
2021-08-09,7:00,27.19666667,65.38333333,1.240074121,434.5333333,10.31666667,0.011
2021-08-09,8:00,26.85,66.53333333,1.174826011,416.9,10.18,0.011
2021-08-09,9:00,27.09333333,66.90333333,1.178489166,414.0333333,10.13666667,0.012
2021-08-09,10:00,26.87666667,65.45,1.214750222,413.9666667,10.10666667,0.011
2021-08-09,11:00,26.82666667,68.65666667,1.098785841,411,10.13333333,0.012
2021-08-09,12:00,27.35333333,67.69666667,1.16783023,416.6,10.04333333,0.011
2021-08-09,13:00,26.91666667,68.60666667,1.106350845,426.9333333,10.08,0.011
2021-08-09,14:00,27.41666667,68.96666667,1.126067322,431.3666667,10.07,0.011
2021-08-09,15:00,27.36333333,69.31666667,1.109911001,532.7,12.65,0.012
2021-08-09,16:00,27.44333333,68.94666667,1.128545587,710.5666667,12.2,0.011
2021-08-09,17:00,27.41,68.15,1.155251674,632.5333333,9.86,0.014
2021-08-09,18:00,27.27666667,66.35333333,1.21096684,750.2666667,9.823333333,0.017
2021-08-09,19:00,27.10333333,67.33333333,1.163857741,662.8,9.93,0.016
2021-08-09,20:00,27.22666667,64.06,1.289736652,568.2333333,9.976666667,0.017
2021-08-09,21:00,27.11666667,67.44,1.160961359,507.3333333,9.93,0.016
2021-08-09,22:00,27.19666667,64.05666667,1.28759935,471.7,9.85,0.017
2021-08-09,23:00,27.27,68.86,1.120314292,463.5666667,1.236666667,0.015
2021-08-10,0:00,27.45666667,67.82,1.170400091,466.8,1.292,0.015
2021-08-10,1:00,27.36666667,68.30333333,1.14678927,465.2666667,1.282333333,0.016
2021-08-10,2:00,27.46666667,67.99333333,1.164774357,462.8333333,1.157333333,0.016
2021-08-10,3:00,27.38666667,68.97,1.123979063,460.3,1.201333333,0.016
2021-08-10,4:00,27.45333333,67.7,1.174536388,460.7,1.285,0.015
2021-08-10,5:00,27.43,68.61333333,1.139773663,459.3,1.312333333,0.016
2021-08-10,6:00,27.5,67.66333333,1.179070995,458.6,1.343666667,0.015
2021-08-10,7:00,27.37,65.88666667,1.234464469,448.9666667,9.943333333,0.016
2021-08-10,8:00,27.19333333,66.31666667,1.206404485,433.1,9.806666667,0.016
2021-08-10,9:00,27.4,66.03,1.231429525,420.3,9.763333333,0.016
2021-08-10,10:00,27.21333333,65.84333333,1.22478664,414.6333333,9.72,0.017
2021-08-10,11:00,27.32666667,68.71333333,1.129318024,421.3666667,9.726666667,0.016
2021-08-10,12:00,27.35333333,65.61333333,1.243146905,429.4,9.673333333,0.017
2021-08-10,13:00,27.08666667,68.19,1.132233073,426.6666667,9.686666667,0.016
2021-08-10,14:00,27.28666667,67.67,1.164258185,435.2333333,9.67,0.016
2021-08-10,15:00,27.35,66.40333333,1.214350751,635.6,10.03333333,0.014
2021-08-10,16:00,26.98666667,66.39,1.189329247,586.3333333,9.703333333,0.015
2021-08-10,17:00,26.94333333,71.95,0.990069782,631.7,9.76,0.015
2021-08-10,18:00,27,73.02333333,0.955345495,565.6,9.836666667,0.01
2021-08-10,19:00,26.99333333,73.32,0.944471179,515.0666667,9.873333333,0.015
2021-08-10,20:00,27.07333333,72.48333333,0.97865501,483.2666667,9.863333333,0.011
2021-08-10,21:00,27.06,71.34666667,1.018287826,461.1333333,9.906666667,0.013
2021-08-10,22:00,26.94666667,70.18666667,1.05251466,453.6333333,9.86,0.011
2021-08-10,23:00,27.21666667,77.17666667,0.818556267,457.5333333,1.267666667,0.015
2021-08-11,0:00,27.05666667,74.40333333,0.909482207,463.0666667,1.162333333,0.011
2021-08-11,1:00,27.14666667,74.51333333,0.910347989,461.3666667,1.232333333,0.015
2021-08-11,2:00,27.36333333,73.55666667,0.956537096,456.3333333,1.176333333,0.011
2021-08-11,3:00,27.45333333,77.67,0.811993732,452.4666667,1.218666667,0.015
2021-08-11,4:00,27.04333333,74.05333333,0.921199987,449.6333333,1.18,0.011
2021-08-11,5:00,27.15,73.94,0.931007882,452.6,1.139,0.015
2021-08-11,6:00,27.40666667,73.22333333,0.971044873,455,1.288333333,0.011
2021-08-11,7:00,26.94,74.19333333,0.91071014,445.9,9.706666667,0.014
2021-08-11,8:00,27.13,74.73666667,0.901492832,433.5333333,9.626666667,0.01
2021-08-11,9:00,27.14333333,74.36666667,0.915408484,425.5666667,9.583333333,0.013
2021-08-11,10:00,27.11,72.98333333,0.962932827,422.8333333,9.516666667,0.011
2021-08-11,11:00,27.08666667,73.36333333,0.948095409,424.7333333,8.572666667,0.013
2021-08-11,12:00,27.06,74.96,0.889876472,431.2333333,7.435333333,0.011
2021-08-11,13:00,26.98,75.32333333,0.872872426,431.1333333,7.416,0.014
2021-08-11,14:00,26.98666667,74.07666667,0.917327537,434.0333333,7.579,0.01
2021-08-11,15:00,26.93,74.16333333,0.911235623,473.0333333,7.677333333,0.014
2021-08-11,16:00,26.96,74.8,0.890341975,618.2333333,7.684666667,0.01
2021-08-11,17:00,27.00666667,75.55333333,0.866086176,529.9666667,7.665,0.014
2021-08-11,18:00,27.05,75.10666667,0.884147313,489.1666667,7.671,0.01
2021-08-11,19:00,27.07666667,75.22,0.881494684,471.9,7.662666667,0.014
2021-08-11,20:00,27.13333333,74.86333333,0.897147539,459.9,7.753666667,0.011
2021-08-11,21:00,27.13666667,74.31,0.917074981,450.7333333,7.709333333,0.014
2021-08-11,22:00,27.13,72.49666667,0.981424641,449,7.708666667,0.01
2021-08-11,23:00,27.09333333,77.89666667,0.78704418,458.7666667,1.197333333,0.014
2021-08-12,0:00,27.11333333,77.15,0.814582365,470.8333333,1.057333333,0.011
2021-08-12,1:00,27.34,76.77666667,0.838917477,481.8333333,1.045333333,0.013
2021-08-12,2:00,27.45,80.01666667,0.726519928,481.0666667,1.098666667,0.011
2021-08-12,3:00,27.04,79.98333333,0.71052521,479.2,1.237333333,0.015
2021-08-12,4:00,27.15,77.8,0.793107252,477.7,1.194,0.011
2021-08-12,5:00,27.49,77.62666667,0.815309336,468.2,1.149333333,0.014
2021-08-12,6:00,27.47666667,81.73333333,0.665140949,455.9,1.306333333,0.011
2021-08-12,7:00,27.15,74.51,0.910644318,441.2666667,7.711666667,0.013
2021-08-12,8:00,27.03,73.19666667,0.950873361,425.6333333,7.604333333,0.011
2021-08-12,9:00,27.10333333,75.20666667,0.883344273,420.4,7.551,0.013
2021-08-12,10:00,27.12,75.57,0.871247216,427.3666667,7.520333333,0.011
2021-08-12,11:00,27.15666667,75.45333333,0.877284713,429.7333333,7.497666667,0.014
2021-08-12,12:00,27.22,73.00666667,0.968301235,437.1333333,7.566,0.01
2021-08-12,13:00,27.15666667,71.26333333,1.027033068,440.6,7.551,0.013
2021-08-12,14:00,27.06333333,70.90333333,1.034244552,438.2333333,7.566333333,0.011
2021-08-12,15:00,27.08333333,72.04,0.995003816,450.5333333,7.709333333,0.013
2021-08-12,16:00,27.02666667,72.74,0.966885617,716.7666667,7.573,0.011
